<?xml version="1.0"?>
<doc>
    <assembly>
        <name>MediaTek86</name>
    </assembly>
    <members>
        <member name="T:MediaTek86.bddmanager.BddManager">
            <summary>
            Singleton : connexion à la base de données et exécution des requêtes
            </summary>
        </member>
        <member name="F:MediaTek86.bddmanager.BddManager.instance">
            <summary>
            instance unique de la classe
            </summary>
        </member>
        <member name="F:MediaTek86.bddmanager.BddManager.connection">
            <summary>
            objet de connexion à la BDD à partir d'une chaîne de connexion
            </summary>
        </member>
        <member name="M:MediaTek86.bddmanager.BddManager.#ctor(System.String)">
            <summary>
            Constructeur pour créer la connexion à la BDD et l'ouvrir
            </summary>
            <param name="stringConnect">chaine de connexion</param>
        </member>
        <member name="M:MediaTek86.bddmanager.BddManager.GetInstance(System.String)">
            <summary>
            Création d'une seule instance de la classe
            </summary>
            <param name="stringConnect">chaine de connexion</param>
            <returns>instance unique de la classe</returns>
        </member>
        <member name="M:MediaTek86.bddmanager.BddManager.ReqUpdate(System.String,System.Collections.Generic.Dictionary{System.String,System.Object})">
            <summary>
            Exécution d'une requête autre que "select"
            </summary>
            <param name="stringQuery">requête autre que select</param>
            <param name="parameters">dictionnire contenant les parametres</param>
        </member>
        <member name="M:MediaTek86.bddmanager.BddManager.ReqSelect(System.String,System.Collections.Generic.Dictionary{System.String,System.Object})">
            <summary>
            Execution d'une requête de type "select"
            </summary>
            <param name="stringQuery">requête select</param>
            <param name="parameters">dictoinnaire contenant les parametres</param>
            <returns>liste de tableaux d'objets contenant les valeurs des colonnes</returns>
        </member>
        <member name="T:MediaTek86.dal.Connexion">
            <summary>
            Singleton : classe d'accès à BddManager
            </summary>
        </member>
        <member name="F:MediaTek86.dal.Connexion.connectionString">
            <summary>
            chaine de connexion à la bdd
            </summary>
        </member>
        <member name="F:MediaTek86.dal.Connexion.instance">
            <summary>
            instance unique de la classe
            </summary>
        </member>
        <member name="P:MediaTek86.dal.Connexion.Manager">
            <summary>
            Getter sur l'objet d'accès aux données
            </summary>
        </member>
        <member name="M:MediaTek86.dal.Connexion.#ctor">
            <summary>
            Création unique de l'objet de type BddManager
            Arrête le programme si l'accès à la BDD a échoué
            </summary>
        </member>
        <member name="M:MediaTek86.dal.Connexion.GetInstance">
            <summary>
            Création d'une seule instance de la classe
            </summary>
            <returns></returns>
        </member>
        <member name="M:MediaTek86.model.Absence.#ctor(System.Int32,System.DateTime,System.DateTime,MediaTek86.model.Motif)">
            <summary>
            Valorise les propriétés
            </summary>
            <param name="idPersonnel"></param>
            <param name="dateDebut"></param>
            <param name="dateFin"></param>
            <param name="motif"></param>
        </member>
        <member name="M:MediaTek86.model.Motif.#ctor(System.Int32,System.String)">
            <summary>
            Valorise les propriétés
            </summary>
            <param name="idMotif"></param>
            <param name="libelle"></param>
        </member>
        <member name="M:MediaTek86.model.Personnel.#ctor(System.Int32,System.String,System.String,System.String,System.String,MediaTek86.model.Service)">
            <summary>
            Valorise les propriétés
            </summary>
            <param name="idPersonnel"></param>
            <param name="nom"></param>
            <param name="prenom"></param>
            <param name="tel"></param>
            <param name="mail"></param>
            <param name="service"></param>
        </member>
        <member name="M:MediaTek86.model.Service.#ctor(System.Int32,System.String)">
            <summary>
            Valorise les propriétés
            </summary>
            <param name="idService"></param>
            <param name="nom"></param>
        </member>
        <member name="M:MediaTek86.Program.Main">
            <summary>
            Point d'entrée principal de l'application.
            </summary>
        </member>
        <member name="F:MediaTek86.view.FormConfirmation.components">
            <summary>
            Required designer variable.
            </summary>
        </member>
        <member name="M:MediaTek86.view.FormConfirmation.Dispose(System.Boolean)">
            <summary>
            Clean up any resources being used.
            </summary>
            <param name="disposing">true if managed resources should be disposed; otherwise, false.</param>
        </member>
        <member name="M:MediaTek86.view.FormConfirmation.InitializeComponent">
            <summary>
            Required method for Designer support - do not modify
            the contents of this method with the code editor.
            </summary>
        </member>
        <member name="F:MediaTek86.view.FormConnexion.components">
            <summary>
            Required designer variable.
            </summary>
        </member>
        <member name="M:MediaTek86.view.FormConnexion.Dispose(System.Boolean)">
            <summary>
            Clean up any resources being used.
            </summary>
            <param name="disposing">true if managed resources should be disposed; otherwise, false.</param>
        </member>
        <member name="M:MediaTek86.view.FormConnexion.InitializeComponent">
            <summary>
            Required method for Designer support - do not modify
            the contents of this method with the code editor.
            </summary>
        </member>
        <member name="F:MediaTek86.view.FormErreur.components">
            <summary>
            Required designer variable.
            </summary>
        </member>
        <member name="M:MediaTek86.view.FormErreur.Dispose(System.Boolean)">
            <summary>
            Clean up any resources being used.
            </summary>
            <param name="disposing">true if managed resources should be disposed; otherwise, false.</param>
        </member>
        <member name="M:MediaTek86.view.FormErreur.InitializeComponent">
            <summary>
            Required method for Designer support - do not modify
            the contents of this method with the code editor.
            </summary>
        </member>
        <member name="F:MediaTek86.view.FormGestionAbsence.components">
            <summary>
            Required designer variable.
            </summary>
        </member>
        <member name="M:MediaTek86.view.FormGestionAbsence.Dispose(System.Boolean)">
            <summary>
            Clean up any resources being used.
            </summary>
            <param name="disposing">true if managed resources should be disposed; otherwise, false.</param>
        </member>
        <member name="M:MediaTek86.view.FormGestionAbsence.InitializeComponent">
            <summary>
            Required method for Designer support - do not modify
            the contents of this method with the code editor.
            </summary>
        </member>
        <member name="F:MediaTek86.view.FormGestionPersonnel.components">
            <summary>
            Required designer variable.
            </summary>
        </member>
        <member name="M:MediaTek86.view.FormGestionPersonnel.Dispose(System.Boolean)">
            <summary>
            Clean up any resources being used.
            </summary>
            <param name="disposing">true if managed resources should be disposed; otherwise, false.</param>
        </member>
        <member name="M:MediaTek86.view.FormGestionPersonnel.InitializeComponent">
            <summary>
            Required method for Designer support - do not modify
            the contents of this method with the code editor.
            </summary>
        </member>
        <member name="T:MediaTek86.Properties.Resources">
            <summary>
              Une classe de ressource fortement typée destinée, entre autres, à la consultation des chaînes localisées.
            </summary>
        </member>
        <member name="P:MediaTek86.Properties.Resources.ResourceManager">
            <summary>
              Retourne l'instance ResourceManager mise en cache utilisée par cette classe.
            </summary>
        </member>
        <member name="P:MediaTek86.Properties.Resources.Culture">
            <summary>
              Remplace la propriété CurrentUICulture du thread actuel pour toutes
              les recherches de ressources à l'aide de cette classe de ressource fortement typée.
            </summary>
        </member>
    </members>
</doc>
